{
  "type": "minecraft:block",
  "pools": [
    {
      "rolls": 1,
      "bonus_rolls": 0,
      "entries": [
        {
          "type": "minecraft:item",
          "name": "minecraft:firework_star",
          "weight": 3,
          "functions": [
            {
              "function": "minecraft:set_nbt",
              "tag": "{Enchantments:[{id:\"minecraft:vanishing_curse\",lvl:1s}],display:{Name:'{\"text\":\"魔法核心\",\"color\":\"#2c779f\"}'}}"
            }
          ]
        },
        {
          "type": "minecraft:item",
          "name": "minecraft:amethyst_cluster",
          "weight": 997
        }
      ],
      "conditions": [
        {
          "condition": "minecraft:survives_explosion"
        }
      ]
    }
  ],
  "random_sequence": "minecraft:blocks/amethyst_block"
}
