{
  "type": "minecraft:chest",
  "pools": [
    {
      "rolls": {
        "type": "minecraft:uniform",
        "min": 2,
        "max": 3
      },
      "bonus_rolls": 0,
      "entries": [
        {
          "type": "minecraft:item",
          "name": "minecraft:trial_key",
          "weight": 2,
          "functions": [
            {
              "function": "minecraft:set_count",
              "count": {
                "min": 1,
                "max": 4
              },
              "add": false
            }
          ]
        },
        {
          "type": "minecraft:item",
          "name": "minecraft:experience_bottle",
          "weight": 3
        },
        {
          "type": "minecraft:item",
          "name": "minecraft:netherite_axe",
          "weight": 1,
          "functions": [
            {
              "function": "minecraft:set_attributes",
              "modifiers": [
                {
                  "attribute": "minecraft:generic.armor",
                  "name": "",
                  "amount": {
                    "type": "minecraft:uniform",
                    "min": 1,
                    "max": 4
                  },
                  "operation": "addition",
                  "id": "f25f4515-5450-4821-83d0-cf4d76d33c42",
                  "slot": "mainhand"
                }
              ],
              "conditions": [
                {
                  "condition": "minecraft:random_chance",
                  "chance": 0.5
                }
              ]
            },
            {
              "function": "minecraft:set_attributes",
              "modifiers": [
                {
                  "attribute": "minecraft:generic.movement_speed",
                  "name": "",
                  "amount": {
                    "type": "minecraft:uniform",
                    "min": 0.01,
                    "max": 0.16
                  },
                  "operation": "addition",
                  "id": "ba2374c2-220e-400b-9c85-1ee29bd0d34b",
                  "slot": "mainhand"
                }
              ]
            },
            {
              "function": "minecraft:set_attributes",
              "modifiers": [
                {
                  "attribute": "minecraft:generic.max_health",
                  "name": "",
                  "amount": {
                    "type": "minecraft:uniform",
                    "min": 1,
                    "max": 6
                  },
                  "operation": "addition",
                  "id": "9be71caf-fac3-4473-bf60-7d2a794fbcfc",
                  "slot": "mainhand"
                }
              ],
              "conditions": [
                {
                  "condition": "minecraft:random_chance",
                  "chance": 0.7
                }
              ]
            },
            {
              "function": "minecraft:set_attributes",
              "modifiers": [
                {
                  "attribute": "minecraft:generic.attack_speed",
                  "name": "",
                  "amount": {
                    "min": 1.2,
                    "max": 2.4
                  },
                  "operation": "addition",
                  "id": "71f6a130-cd03-4cc0-bd60-e44048436fb6",
                  "slot": "mainhand"
                },
                {
                  "attribute": "minecraft:generic.attack_damage",
                  "name": "",
                  "amount": {
                    "type": "minecraft:binomial",
                    "n": 19.2,
                    "p": 0.68
                  },
                  "operation": "addition",
                  "id": "2cb66be5-d46c-4c34-8a10-f1791407b474",
                  "slot": "mainhand"
                }
              ]
            },
            {
              "function": "minecraft:set_nbt",
              "tag": "{Unbreakable: 1b}",
              "conditions": [
                {
                  "condition": "minecraft:random_chance",
                  "chance": 0.6
                }
              ]
            }
          ]
        },
        {
          "type": "minecraft:item",
          "name": "minecraft:diamond",
          "weight": 10,
          "functions": [
            {
              "function": "minecraft:set_count",
              "count": {
                "type": "minecraft:uniform",
                "min": 2,
                "max": 8
              },
              "add": false
            }
          ]
        },
        {
          "type": "minecraft:item",
          "name": "minecraft:tipped_arrow",
          "weight": 7,
          "functions": [
            {
              "function": "minecraft:set_potion",
              "id": "minecraft:strong_harming"
            },
            {
              "function": "minecraft:set_count",
              "count": {
                "type": "minecraft:uniform",
                "min": 2,
                "max": 5
              },
              "add": false
            }
          ]
        }
      ]
    }
  ],
  "random_sequence": "minecraft:chests/trial_chambers/entrance"
}
