{
  "type": "minecraft:chest",
  "pools": [
    {
      "rolls": {
        "type": "minecraft:uniform",
        "min": 2,
        "max": 4
      },
      "bonus_rolls": 1,
      "entries": [
        {
          "type": "minecraft:item",
          "name": "minecraft:netherite_axe",
          "functions": [
            {
              "function": "minecraft:set_nbt",
              "tag": "{Unbreakable: 1b}",
              "conditions": [
                {
                  "condition": "minecraft:random_chance",
                  "chance": 0.3
                }
              ]
            },
            {
              "function": "minecraft:set_attributes",
              "modifiers": [
                {
                  "attribute": "minecraft:generic.movement_speed",
                  "name": "",
                  "amount": {
                    "type": "minecraft:uniform",
                    "min": 0.01,
                    "max": 0.1
                  },
                  "operation": "addition",
                  "id": "ddd05dde-7537-493f-bee4-f89754cf1e3c",
                  "slot": "legs"
                }
              ],
              "conditions": [
                {
                  "condition": "minecraft:random_chance",
                  "chance": 0.7
                }
              ]
            },
            {
              "function": "minecraft:set_attributes",
              "modifiers": [
                {
                  "attribute": "minecraft:generic.max_health",
                  "name": "",
                  "amount": {
                    "type": "minecraft:binomial",
                    "n": 4,
                    "p": 0.5
                  },
                  "operation": "addition",
                  "id": "0f867d6c-a67b-466a-b171-24ff2f423d51",
                  "slot": "mainhand"
                }
              ],
              "conditions": [
                {
                  "condition": "minecraft:random_chance",
                  "chance": 0.7
                }
              ]
            },
            {
              "function": "minecraft:set_attributes",
              "modifiers": [
                {
                  "attribute": "minecraft:generic.attack_damage",
                  "name": "",
                  "amount": {
                    "type": "minecraft:binomial",
                    "n": 21.4,
                    "p": 0.61
                  },
                  "operation": "addition",
                  "id": "68eb88d6-368b-4f2a-85f7-d231c52e885a",
                  "slot": "mainhand"
                },
                {
                  "attribute": "minecraft:generic.attack_speed",
                  "name": "",
                  "amount": {
                    "type": "minecraft:uniform",
                    "min": 2,
                    "max": 4
                  },
                  "operation": "addition",
                  "id": "097251fd-607e-408e-9500-447e4c8522c5",
                  "slot": "mainhand"
                }
              ]
            }
          ]
        },
        {
          "type": "minecraft:item",
          "name": "minecraft:netherite_pickaxe",
          "functions": [
            {
              "function": "minecraft:set_nbt",
              "tag": "{Unbreakable: 1b}",
              "conditions": [
                {
                  "condition": "minecraft:random_chance",
                  "chance": 0.3
                }
              ]
            },
            {
              "function": "minecraft:set_attributes",
              "modifiers": [
                {
                  "attribute": "minecraft:generic.movement_speed",
                  "name": "",
                  "amount": {
                    "type": "minecraft:uniform",
                    "min": 0.01,
                    "max": 0.1
                  },
                  "operation": "addition",
                  "id": "18dbe839-b722-4488-a682-375d17ee0ead",
                  "slot": "mainhand"
                }
              ],
              "conditions": [
                {
                  "condition": "minecraft:random_chance",
                  "chance": 0.7
                }
              ]
            },
            {
              "function": "minecraft:set_attributes",
              "modifiers": [
                {
                  "attribute": "minecraft:generic.max_health",
                  "name": "",
                  "amount": {
                    "type": "minecraft:binomial",
                    "n": 4,
                    "p": 0.5
                  },
                  "operation": "addition",
                  "id": "82eac8e5-3277-4d8b-b4f3-080ba7dc94ad",
                  "slot": "mainhand"
                }
              ],
              "conditions": [
                {
                  "condition": "minecraft:random_chance",
                  "chance": 0.7
                }
              ]
            },
            {
              "function": "minecraft:set_attributes",
              "modifiers": [
                {
                  "attribute": "minecraft:generic.attack_damage",
                  "name": "",
                  "amount": {
                    "type": "minecraft:binomial",
                    "n": 13.9,
                    "p": 0.61
                  },
                  "operation": "addition",
                  "id": "e62cdaff-f8b8-463e-af09-f8c5efe6fc67",
                  "slot": "mainhand"
                },
                {
                  "attribute": "minecraft:generic.attack_speed",
                  "name": "",
                  "amount": {
                    "type": "minecraft:uniform",
                    "min": 1.5,
                    "max": 3.5
                  },
                  "operation": "addition",
                  "id": "dd3e1d58-a35a-4d25-860b-3f9296dfac9f",
                  "slot": "mainhand"
                }
              ]
            }
          ]
        },
        {
          "type": "minecraft:item",
          "name": "minecraft:diamond",
          "functions": [
            {
              "function": "minecraft:set_count",
              "count": {
                "type": "minecraft:uniform",
                "min": 1,
                "max": 3
              },
              "add": false
            }
          ]
        },
        {
          "type": "minecraft:item",
          "name": "minecraft:compass",
          "functions": [
            {
              "function": "minecraft:set_count",
              "count": 1,
              "add": false
            },
            {
              "function": "minecraft:set_damage",
              "damage": {
                "type": "minecraft:uniform",
                "min": 0.15,
                "max": 0.8
              },
              "add": false
            }
          ]
        },
        {
          "type": "minecraft:item",
          "name": "minecraft:diamond_block",
          "functions": [
            {
              "function": "minecraft:set_count",
              "count": {
                "type": "minecraft:uniform",
                "min": 1,
                "max": 2
              },
              "add": false
            }
          ]
        },
        {
          "type": "minecraft:item",
          "name": "minecraft:chainmail_boots",
          "weight": 1,
          "functions": [
            {
              "function": "minecraft:set_nbt",
              "tag": "{Unbreakable: 1b}",
              "conditions": [
                {
                  "condition": "minecraft:random_chance",
                  "chance": 0.3
                }
              ]
            }
          ]
        },
        {
          "type": "minecraft:item",
          "name": "minecraft:chainmail_leggings",
          "weight": 1,
          "functions": [
            {
              "function": "minecraft:set_nbt",
              "tag": "{Unbreakable: 1b}",
              "conditions": [
                {
                  "condition": "minecraft:random_chance",
                  "chance": 0.3
                }
              ]
            }
          ]
        },
        {
          "type": "minecraft:item",
          "name": "minecraft:chainmail_chestplate",
          "weight": 1,
          "functions": [
            {
              "function": "minecraft:set_nbt",
              "tag": "{Unbreakable: 1b}",
              "conditions": [
                {
                  "condition": "minecraft:random_chance",
                  "chance": 0.3
                }
              ]
            }
          ]
        },
        {
          "type": "minecraft:item",
          "name": "minecraft:chainmail_helmet",
          "weight": 1,
          "functions": [
            {
              "function": "minecraft:set_nbt",
              "tag": "{Unbreakable: 1b}",
              "conditions": [
                {
                  "condition": "minecraft:random_chance",
                  "chance": 0.3
                }
              ]
            }
          ]
        }
      ]
    }
  ],
  "random_sequence": "minecraft:chests/trial_chambers/intersection_barrel"
}
