{
  "type": "minecraft:chest",
  "pools": [
    {
      "rolls": {
        "type": "minecraft:uniform",
        "min": 2,
        "max": 5
      },
      "bonus_rolls": 0,
      "entries": [
        {
          "type": "minecraft:empty",
          "weight": 12
        },
        {
          "type": "minecraft:item",
          "name": "minecraft:pumpkin_pie",
          "weight": 4,
          "functions": [
            {
              "function": "minecraft:set_nbt",
              "tag": "{Enchantments:[{id:\"minecraft:quick_charge\",lvl:1s}],display:{Lore:['{\"text\":\"\",\"extra\":[\"立刻回复全部生命值和饱食度，冷却时间90秒\"]}'],Name:'{\"text\":\"\",\"extra\":[\"快速治疗\"]}'}}"
            }
          ]
        },
        {
          "type": "minecraft:item",
          "name": "minecraft:experience_bottle",
          "weight": 16,
          "functions": [
            {
              "function": "minecraft:set_count",
              "count": {
                "type": "minecraft:uniform",
                "min": 5,
                "max": 16
              }
            }
          ]
        },
        {
          "type": "minecraft:item",
          "name": "minecraft:shield",
          "weight": 1,
          "functions": [
            {
              "function": "minecraft:set_nbt",
              "tag": "{AttributeModifiers:[{Amount:4.0d,AttributeName:\"minecraft:generic.attack_damage\",Name:\"\",Operation:0,Slot:\"offhand\",UUID:[I;1958834341,-146390376,-1964943268,-1050842442]},{Amount:2.0d,AttributeName:\"minecraft:generic.knockback_resistance\",Name:\"\",Operation:0,Slot:\"offhand\",UUID:[I;1152596544,-356235667,-1354723554,-1388436690]},{Amount:4.0d,AttributeName:\"minecraft:generic.max_health\",Name:\"\",Operation:0,Slot:\"offhand\",UUID:[I;1146992893,345263790,-2055846385,231031584]},{Amount:0.1d,AttributeName:\"minecraft:generic.attack_speed\",Name:\"\",Operation:0,Slot:\"offhand\",UUID:[I;1041024245,-301973073,-1382163478,-655657464]},{Amount:2.0d,AttributeName:\"minecraft:generic.armor\",Name:\"\",Operation:0,Slot:\"offhand\",UUID:[I;1993725421,1336690946,-1984669563,-547433651]}],Damage:0,Enchantments:[{id:\"minecraft:unbreaking\",lvl:1s}],HideFlags:1,Unbreakable:1b,display:{Name:'{\"text\":\"超级盾牌\",\"color\":\"#7d4c95\",\"bold\":true}'}}"
            }
          ]
        },
        {
          "type": "minecraft:item",
          "name": "minecraft:emerald_block",
          "weight": 9,
          "functions": [
            {
              "function": "minecraft:set_count",
              "count": {
                "type": "minecraft:uniform",
                "min": 2,
                "max": 6
              },
              "add": false
            }
          ]
        },
        {
          "type": "minecraft:item",
          "name": "minecraft:diamond_block",
          "weight": 9
        },
        {
          "type": "minecraft:item",
          "name": "minecraft:netherite_sword",
          "weight": 6,
          "functions": [
            {
              "function": "minecraft:set_nbt",
              "tag": "{Unbreakable: 1b}",
              "conditions": [
                {
                  "condition": "minecraft:random_chance",
                  "chance": 0.3
                }
              ]
            },
            {
              "function": "minecraft:set_attributes",
              "modifiers": [
                {
                  "attribute": "minecraft:generic.movement_speed",
                  "name": "",
                  "amount": {
                    "type": "minecraft:uniform",
                    "min": 0.01,
                    "max": 0.1
                  },
                  "operation": "addition",
                  "id": "0c35bae9-0399-465a-a043-4e4e9b0a5425",
                  "slot": "mainhand"
                }
              ],
              "conditions": [
                {
                  "condition": "minecraft:random_chance",
                  "chance": 0.7
                }
              ]
            },
            {
              "function": "minecraft:set_attributes",
              "modifiers": [
                {
                  "attribute": "minecraft:generic.max_health",
                  "name": "",
                  "amount": {
                    "type": "minecraft:binomial",
                    "n": 4,
                    "p": 0.5
                  },
                  "operation": "addition",
                  "id": "4c86bd85-76bf-40bf-b6ad-09b0fb4f4856",
                  "slot": "mainhand"
                }
              ],
              "conditions": [
                {
                  "condition": "minecraft:random_chance",
                  "chance": 0.7
                }
              ]
            },
            {
              "function": "minecraft:set_attributes",
              "modifiers": [
                {
                  "attribute": "minecraft:generic.attack_damage",
                  "name": "",
                  "amount": {
                    "type": "minecraft:binomial",
                    "n": 14.6,
                    "p": 0.72
                  },
                  "operation": "addition",
                  "id": "512ba605-2199-436e-9332-0f466622590a",
                  "slot": "mainhand"
                },
                {
                  "attribute": "minecraft:generic.attack_speed",
                  "name": "",
                  "amount": {
                    "type": "minecraft:uniform",
                    "min": 2.4,
                    "max": 5
                  },
                  "operation": "addition",
                  "id": "4f5d8d37-f29e-4af0-8f2d-0ed3b4e9bbd3",
                  "slot": "mainhand"
                }
              ]
            }
          ]
        },
        {
          "type": "minecraft:item",
          "name": "minecraft:netherite_boots",
          "weight": 6,
          "functions": [
            {
              "function": "minecraft:set_attributes",
              "modifiers": [
                {
                  "attribute": "minecraft:generic.knockback_resistance",
                  "name": "",
                  "amount": {
                    "type": "minecraft:uniform",
                    "min": 0.1,
                    "max": 0.4
                  },
                  "operation": "addition",
                  "id": "e3fd02a2-00da-4b25-a59c-7dba97c2b5e7",
                  "slot": "feet"
                },
                {
                  "attribute": "minecraft:generic.armor_toughness",
                  "name": "",
                  "amount": {
                    "type": "minecraft:uniform",
                    "min": 4,
                    "max": 7
                  },
                  "operation": "addition",
                  "id": "97f62136-82ca-4e4c-8666-431739c68ae2",
                  "slot": "feet"
                },
                {
                  "attribute": "minecraft:generic.armor",
                  "name": "",
                  "amount": {
                    "type": "minecraft:uniform",
                    "min": 4,
                    "max": 8
                  },
                  "operation": "addition",
                  "id": "f5eae5a8-3759-4d0d-b876-451742b2d13d",
                  "slot": "feet"
                }
              ]
            },
            {
              "function": "minecraft:set_attributes",
              "modifiers": [
                {
                  "attribute": "minecraft:generic.movement_speed",
                  "name": "",
                  "amount": {
                    "type": "minecraft:uniform",
                    "min": 0.01,
                    "max": 0.16
                  },
                  "operation": "addition",
                  "id": "ba2374c2-220e-400b-9c85-1ee29bd0d34b",
                  "slot": "feet"
                }
              ],
              "conditions": [
                {
                  "condition": "minecraft:random_chance",
                  "chance": 0.5
                }
              ]
            },
            {
              "function": "minecraft:set_attributes",
              "modifiers": [
                {
                  "attribute": "minecraft:generic.max_health",
                  "name": "",
                  "amount": {
                    "type": "minecraft:uniform",
                    "min": 1,
                    "max": 6
                  },
                  "operation": "addition",
                  "id": "90550e13-7cae-4714-84e7-cc94f20258c8",
                  "slot": "feet"
                }
              ],
              "conditions": [
                {
                  "condition": "minecraft:random_chance",
                  "chance": 0.5
                }
              ]
            },
            {
              "function": "minecraft:set_attributes",
              "modifiers": [
                {
                  "attribute": "minecraft:generic.attack_damage",
                  "name": "",
                  "amount": {
                    "type": "minecraft:uniform",
                    "min": 1,
                    "max": 4
                  },
                  "operation": "addition",
                  "id": "b1916162-2c67-4633-afe3-e66c3b971537",
                  "slot": "feet"
                }
              ],
              "conditions": [
                {
                  "condition": "minecraft:random_chance",
                  "chance": 0.5
                }
              ]
            },
            {
              "function": "minecraft:set_nbt",
              "tag": "{Unbreakable: 1b}",
              "conditions": [
                {
                  "condition": "minecraft:random_chance",
                  "chance": 0.4
                }
              ]
            }
          ]
        },
        {
          "type": "minecraft:item",
          "name": "minecraft:netherite_chestplate",
          "weight": 6,
          "functions": [
            {
              "function": "minecraft:set_attributes",
              "modifiers": [
                {
                  "attribute": "minecraft:generic.knockback_resistance",
                  "name": "",
                  "amount": {
                    "type": "minecraft:uniform",
                    "min": 0.1,
                    "max": 0.4
                  },
                  "operation": "addition",
                  "id": "7020ab18-5f8a-4abe-a632-0c61a00e744c",
                  "slot": "chest"
                },
                {
                  "attribute": "minecraft:generic.armor_toughness",
                  "name": "",
                  "amount": {
                    "type": "minecraft:uniform",
                    "min": 4,
                    "max": 7
                  },
                  "operation": "addition",
                  "id": "aa2e53b0-23f3-40dc-8fdb-a991fa0d7158",
                  "slot": "chest"
                },
                {
                  "attribute": "minecraft:generic.armor",
                  "name": "",
                  "amount": {
                    "type": "minecraft:uniform",
                    "min": 9,
                    "max": 14
                  },
                  "operation": "addition",
                  "id": "dd1799c0-a04b-451a-932d-c74110241722",
                  "slot": "chest"
                }
              ]
            },
            {
              "function": "minecraft:set_attributes",
              "modifiers": [
                {
                  "attribute": "minecraft:generic.movement_speed",
                  "name": "",
                  "amount": {
                    "type": "minecraft:uniform",
                    "min": 0.01,
                    "max": 0.16
                  },
                  "operation": "addition",
                  "id": "cc7ac4a0-8cb7-4aec-886d-28d8dfa96c5c",
                  "slot": "chest"
                }
              ],
              "conditions": [
                {
                  "condition": "minecraft:random_chance",
                  "chance": 0.5
                }
              ]
            },
            {
              "function": "minecraft:set_attributes",
              "modifiers": [
                {
                  "attribute": "minecraft:generic.max_health",
                  "name": "",
                  "amount": {
                    "type": "minecraft:uniform",
                    "min": 2,
                    "max": 7
                  },
                  "operation": "addition",
                  "id": "a4eace30-a76e-4aba-9edf-9718324a22b0",
                  "slot": "chest"
                }
              ],
              "conditions": [
                {
                  "condition": "minecraft:random_chance",
                  "chance": 0.5
                }
              ]
            },
            {
              "function": "minecraft:set_attributes",
              "modifiers": [
                {
                  "attribute": "minecraft:generic.attack_damage",
                  "name": "",
                  "amount": {
                    "type": "minecraft:uniform",
                    "min": 1,
                    "max": 4
                  },
                  "operation": "addition",
                  "id": "106b81a2-664e-4a9f-91ab-d3acd32ad58e",
                  "slot": "chest"
                }
              ],
              "conditions": [
                {
                  "condition": "minecraft:random_chance",
                  "chance": 0.4
                }
              ]
            },
            {
              "function": "minecraft:set_nbt",
              "tag": "{Unbreakable: 1b}",
              "conditions": [
                {
                  "condition": "minecraft:random_chance",
                  "chance": 0.4
                }
              ]
            }
          ]
        },
        {
          "type": "minecraft:item",
          "name": "minecraft:netherite_leggings",
          "weight": 6,
          "functions": [
            {
              "function": "minecraft:set_attributes",
              "modifiers": [
                {
                  "attribute": "minecraft:generic.knockback_resistance",
                  "name": "",
                  "amount": {
                    "type": "minecraft:uniform",
                    "min": 0.1,
                    "max": 0.4
                  },
                  "operation": "addition",
                  "id": "996a7a1e-ec6d-452b-bff7-21419ac8187a",
                  "slot": "legs"
                },
                {
                  "attribute": "minecraft:generic.armor_toughness",
                  "name": "",
                  "amount": {
                    "type": "minecraft:uniform",
                    "min": 4,
                    "max": 7
                  },
                  "operation": "addition",
                  "id": "c1229c29-aa27-4bc7-aee3-177f8a70d3d4",
                  "slot": "legs"
                },
                {
                  "attribute": "minecraft:generic.armor",
                  "name": "",
                  "amount": {
                    "type": "minecraft:uniform",
                    "min": 7,
                    "max": 12
                  },
                  "operation": "addition",
                  "id": "8ea74d5a-f733-480b-9b32-0fb1919cf9eb",
                  "slot": "legs"
                }
              ]
            },
            {
              "function": "minecraft:set_attributes",
              "modifiers": [
                {
                  "attribute": "minecraft:generic.movement_speed",
                  "name": "",
                  "amount": {
                    "type": "minecraft:uniform",
                    "min": 0.01,
                    "max": 0.16
                  },
                  "operation": "addition",
                  "id": "7ceb0545-77ce-47a6-b685-e6c716324ef3",
                  "slot": "legs"
                }
              ],
              "conditions": [
                {
                  "condition": "minecraft:random_chance",
                  "chance": 0.5
                }
              ]
            },
            {
              "function": "minecraft:set_attributes",
              "modifiers": [
                {
                  "attribute": "minecraft:generic.max_health",
                  "name": "",
                  "amount": {
                    "type": "minecraft:uniform",
                    "min": 1,
                    "max": 6
                  },
                  "operation": "addition",
                  "id": "fc10a3af-902a-4f3b-930c-2ec6d52e3796",
                  "slot": "legs"
                }
              ],
              "conditions": [
                {
                  "condition": "minecraft:random_chance",
                  "chance": 0.5
                }
              ]
            },
            {
              "function": "minecraft:set_attributes",
              "modifiers": [
                {
                  "attribute": "minecraft:generic.attack_damage",
                  "name": "",
                  "amount": {
                    "type": "minecraft:uniform",
                    "min": 1,
                    "max": 3
                  },
                  "operation": "addition",
                  "id": "a3cc6153-b0ba-40a5-9218-d5c889703b61",
                  "slot": "legs"
                }
              ],
              "conditions": [
                {
                  "condition": "minecraft:random_chance",
                  "chance": 0.5
                }
              ]
            },
            {
              "function": "minecraft:set_nbt",
              "tag": "{Unbreakable: 1b}",
              "conditions": [
                {
                  "condition": "minecraft:random_chance",
                  "chance": 0.4
                }
              ]
            }
          ]
        },
        {
          "type": "minecraft:item",
          "name": "minecraft:netherite_helmet",
          "weight": 6,
          "functions": [
            {
              "function": "minecraft:set_attributes",
              "modifiers": [
                {
                  "attribute": "minecraft:generic.knockback_resistance",
                  "name": "",
                  "amount": {
                    "type": "minecraft:uniform",
                    "min": 0.1,
                    "max": 0.4
                  },
                  "operation": "addition",
                  "id": "365b2d95-2145-4d0a-81ee-8611a2938ee5",
                  "slot": "head"
                },
                {
                  "attribute": "minecraft:generic.armor_toughness",
                  "name": "",
                  "amount": {
                    "type": "minecraft:uniform",
                    "min": 4,
                    "max": 7
                  },
                  "operation": "addition",
                  "id": "3e5dec13-76f6-4a94-905f-a24e6b5aa3bd",
                  "slot": "head"
                },
                {
                  "attribute": "minecraft:generic.armor",
                  "name": "",
                  "amount": {
                    "type": "minecraft:uniform",
                    "min": 4,
                    "max": 8
                  },
                  "operation": "addition",
                  "id": "9dcfac9d-d8b0-4e42-aa5d-8e20f05dd210",
                  "slot": "head"
                }
              ]
            },
            {
              "function": "minecraft:set_attributes",
              "modifiers": [
                {
                  "attribute": "minecraft:generic.movement_speed",
                  "name": "",
                  "amount": {
                    "type": "minecraft:uniform",
                    "min": 0.01,
                    "max": 0.11
                  },
                  "operation": "addition",
                  "id": "59ab590a-df5f-4ccc-8ef8-b3b4bd597186",
                  "slot": "head"
                }
              ],
              "conditions": [
                {
                  "condition": "minecraft:random_chance",
                  "chance": 0.5
                }
              ]
            },
            {
              "function": "minecraft:set_attributes",
              "modifiers": [
                {
                  "attribute": "minecraft:generic.max_health",
                  "name": "",
                  "amount": {
                    "type": "minecraft:uniform",
                    "min": 1,
                    "max": 4
                  },
                  "operation": "addition",
                  "id": "ebc9aeb4-c95e-4dba-82a8-b67576717c3b",
                  "slot": "head"
                }
              ],
              "conditions": [
                {
                  "condition": "minecraft:random_chance",
                  "chance": 0.5
                }
              ]
            },
            {
              "function": "minecraft:set_attributes",
              "modifiers": [
                {
                  "attribute": "minecraft:generic.attack_damage",
                  "name": "",
                  "amount": {
                    "type": "minecraft:uniform",
                    "min": 1,
                    "max": 3
                  },
                  "operation": "addition",
                  "id": "a6c9efe3-dbe1-405e-9adf-435424e9726c",
                  "slot": "head"
                }
              ],
              "conditions": [
                {
                  "condition": "minecraft:random_chance",
                  "chance": 0.5
                }
              ]
            },
            {
              "function": "minecraft:set_nbt",
              "tag": "{Unbreakable: 1b}",
              "conditions": [
                {
                  "condition": "minecraft:random_chance",
                  "chance": 0.4
                }
              ]
            }
          ]
        },
        {
          "type": "minecraft:item",
          "name": "minecraft:netherite_axe",
          "weight": 6,
          "functions": [
            {
              "function": "minecraft:set_nbt",
              "tag": "{Unbreakable: 1b}",
              "conditions": [
                {
                  "condition": "minecraft:random_chance",
                  "chance": 0.3
                }
              ]
            },
            {
              "function": "minecraft:set_attributes",
              "modifiers": [
                {
                  "attribute": "minecraft:generic.movement_speed",
                  "name": "",
                  "amount": {
                    "type": "minecraft:uniform",
                    "min": 0.01,
                    "max": 0.1
                  },
                  "operation": "addition",
                  "id": "738ba38b-c2c3-4745-9fd6-b8bf4996800e",
                  "slot": "mainhand"
                }
              ],
              "conditions": [
                {
                  "condition": "minecraft:random_chance",
                  "chance": 0.7
                }
              ]
            },
            {
              "function": "minecraft:set_attributes",
              "modifiers": [
                {
                  "attribute": "minecraft:generic.max_health",
                  "name": "",
                  "amount": {
                    "type": "minecraft:binomial",
                    "n": 6,
                    "p": 0.33
                  },
                  "operation": "addition",
                  "id": "b21e7ae1-73d2-4704-8b00-07e004d41067",
                  "slot": "mainhand"
                }
              ],
              "conditions": [
                {
                  "condition": "minecraft:random_chance",
                  "chance": 0.7
                }
              ]
            },
            {
              "function": "minecraft:set_attributes",
              "modifiers": [
                {
                  "attribute": "minecraft:generic.attack_damage",
                  "name": "",
                  "amount": {
                    "type": "minecraft:binomial",
                    "n": 21.4,
                    "p": 0.61
                  },
                  "operation": "addition",
                  "id": "4809ec8b-22ea-4aa2-a932-870d82738183",
                  "slot": "mainhand"
                },
                {
                  "attribute": "minecraft:generic.attack_speed",
                  "name": "",
                  "amount": {
                    "type": "minecraft:uniform",
                    "min": 2,
                    "max": 4
                  },
                  "operation": "addition",
                  "id": "fdf6b57e-d0c9-4042-9dcb-cf65aed2402f",
                  "slot": "mainhand"
                }
              ]
            }
          ]
        },
        {
          "type": "minecraft:item",
          "name": "minecraft:netherite_pickaxe",
          "weight": 6,
          "functions": [
            {
              "function": "minecraft:set_nbt",
              "tag": "{Unbreakable: 1b}",
              "conditions": [
                {
                  "condition": "minecraft:random_chance",
                  "chance": 0.3
                }
              ]
            },
            {
              "function": "minecraft:set_attributes",
              "modifiers": [
                {
                  "attribute": "minecraft:generic.movement_speed",
                  "name": "",
                  "amount": {
                    "type": "minecraft:uniform",
                    "min": 0.01,
                    "max": 0.1
                  },
                  "operation": "addition",
                  "id": "d63a3eae-ba34-40b9-814b-13f13db55fcf",
                  "slot": "mainhand"
                }
              ],
              "conditions": [
                {
                  "condition": "minecraft:random_chance",
                  "chance": 0.7
                }
              ]
            },
            {
              "function": "minecraft:set_attributes",
              "modifiers": [
                {
                  "attribute": "minecraft:generic.max_health",
                  "name": "",
                  "amount": {
                    "type": "minecraft:binomial",
                    "n": 6,
                    "p": 0.33
                  },
                  "operation": "addition",
                  "id": "b9910ade-a5b3-4fb6-b9be-35897e8f624a",
                  "slot": "mainhand"
                }
              ],
              "conditions": [
                {
                  "condition": "minecraft:random_chance",
                  "chance": 0.7
                }
              ]
            },
            {
              "function": "minecraft:set_attributes",
              "modifiers": [
                {
                  "attribute": "minecraft:generic.attack_damage",
                  "name": "",
                  "amount": {
                    "type": "minecraft:binomial",
                    "n": 14.1,
                    "p": 0.61
                  },
                  "operation": "addition",
                  "id": "1bfabb37-b466-4551-a47f-838cb3ad1566",
                  "slot": "mainhand"
                },
                {
                  "attribute": "minecraft:generic.attack_speed",
                  "name": "",
                  "amount": {
                    "type": "minecraft:uniform",
                    "min": 2.4,
                    "max": 4
                  },
                  "operation": "addition",
                  "id": "4deeff1d-0114-4174-8f61-c8625cb05985",
                  "slot": "mainhand"
                }
              ]
            }
          ]
        },
        {
          "type": "minecraft:item",
          "name": "minecraft:netherite_shovel",
          "weight": 6,
          "functions": [
            {
              "function": "minecraft:set_nbt",
              "tag": "{Unbreakable: 1b}",
              "conditions": [
                {
                  "condition": "minecraft:random_chance",
                  "chance": 0.3
                }
              ]
            },
            {
              "function": "minecraft:set_attributes",
              "modifiers": [
                {
                  "attribute": "minecraft:generic.movement_speed",
                  "name": "",
                  "amount": {
                    "type": "minecraft:uniform",
                    "min": 0.01,
                    "max": 0.1
                  },
                  "operation": "addition",
                  "id": "61b19b84-08a3-47ca-b100-d1bf549d0fb4",
                  "slot": "mainhand"
                }
              ],
              "conditions": [
                {
                  "condition": "minecraft:random_chance",
                  "chance": 0.7
                }
              ]
            },
            {
              "function": "minecraft:set_attributes",
              "modifiers": [
                {
                  "attribute": "minecraft:generic.max_health",
                  "name": "",
                  "amount": {
                    "type": "minecraft:binomial",
                    "n": 6,
                    "p": 0.33
                  },
                  "operation": "addition",
                  "id": "bf8f3f6a-c004-49b5-99f4-228ea91fc8b6",
                  "slot": "mainhand"
                }
              ],
              "conditions": [
                {
                  "condition": "minecraft:random_chance",
                  "chance": 0.7
                }
              ]
            },
            {
              "function": "minecraft:set_attributes",
              "modifiers": [
                {
                  "attribute": "minecraft:generic.attack_damage",
                  "name": "",
                  "amount": {
                    "type": "minecraft:binomial",
                    "n": 15.4,
                    "p": 0.61
                  },
                  "operation": "addition",
                  "id": "9f1c1b6c-69ba-45c6-ba5f-5c3bfb1ef431",
                  "slot": "mainhand"
                },
                {
                  "attribute": "minecraft:generic.attack_speed",
                  "name": "",
                  "amount": {
                    "type": "minecraft:uniform",
                    "min": 2,
                    "max": 4
                  },
                  "operation": "addition",
                  "id": "17ea5dda-16d0-4c41-94ec-55c521e6d8cd",
                  "slot": "mainhand"
                }
              ]
            }
          ]
        },
        {
          "type": "minecraft:item",
          "name": "minecraft:saddle",
          "weight": 16
        },
        {
          "type": "minecraft:item",
          "name": "minecraft:totem_of_undying",
          "weight": 12
        },
        {
          "type": "minecraft:item",
          "name": "minecraft:netherite_hoe",
          "weight": 3,
          "functions": [
            {
              "function": "minecraft:set_nbt",
              "tag": "{Unbreakable: 1b}",
              "conditions": [
                {
                  "condition": "minecraft:random_chance",
                  "chance": 0.3
                }
              ]
            },
            {
              "function": "minecraft:set_attributes",
              "modifiers": [
                {
                  "attribute": "minecraft:generic.movement_speed",
                  "name": "",
                  "amount": {
                    "type": "minecraft:uniform",
                    "min": 0.01,
                    "max": 0.1
                  },
                  "operation": "addition",
                  "id": "ddd05dde-7537-493f-bee4-f89754cf1e3c",
                  "slot": "mainhand"
                }
              ],
              "conditions": [
                {
                  "condition": "minecraft:random_chance",
                  "chance": 0.7
                }
              ]
            },
            {
              "function": "minecraft:set_attributes",
              "modifiers": [
                {
                  "attribute": "minecraft:generic.max_health",
                  "name": "",
                  "amount": {
                    "type": "minecraft:binomial",
                    "n": 6.5,
                    "p": 0.61
                  },
                  "operation": "addition",
                  "id": "eb21c1e6-7fcb-4fd0-a18d-1e5373b7e86d",
                  "slot": "mainhand"
                }
              ],
              "conditions": [
                {
                  "condition": "minecraft:random_chance",
                  "chance": 0.7
                }
              ]
            },
            {
              "function": "minecraft:set_attributes",
              "modifiers": [
                {
                  "attribute": "minecraft:generic.attack_damage",
                  "name": "",
                  "amount": {
                    "type": "minecraft:binomial",
                    "n": 6.7,
                    "p": 0.61
                  },
                  "operation": "addition",
                  "id": "9d31a176-ec4a-4754-969e-e51476676a9b",
                  "slot": "mainhand"
                },
                {
                  "attribute": "minecraft:generic.attack_speed",
                  "name": "",
                  "amount": {
                    "type": "minecraft:uniform",
                    "min": 6,
                    "max": 10
                  },
                  "operation": "addition",
                  "id": "535b914d-b039-4ddd-92ca-3abfb5ec083b",
                  "slot": "mainhand"
                }
              ]
            }
          ]
        },
        {
          "type": "minecraft:item",
          "name": "minecraft:crossbow",
          "weight": 9,
          "functions": [
            {
              "function": "minecraft:enchant_with_levels",
              "levels": {
                "type": "minecraft:uniform",
                "min": 10,
                "max": 20
              },
              "treasure": true
            }
          ]
        },
        {
          "type": "minecraft:item",
          "name": "minecraft:diamond_horse_armor",
          "weight": 10
        },
        {
          "type": "minecraft:item",
          "name": "minecraft:enchanted_golden_apple",
          "weight": 3,
          "functions": [
            {
              "function": "minecraft:set_nbt",
              "tag": "{Enchantments:[{id:\"minecraft:unbreaking\",lvl:10s}],display:{Name:'{\"color\":\"#EB5D2F\",\"text\":\"真 附魔金苹果\"}'}}"
            }
          ]
        },
        {
          "type": "minecraft:item",
          "name": "minecraft:book",
          "weight": 16,
          "functions": [
            {
              "function": "minecraft:enchant_randomly",
              "enchantments": [
                "minecraft:sharpness",
                "minecraft:bane_of_arthropods",
                "minecraft:efficiency",
                "minecraft:fortune",
                "minecraft:silk_touch",
                "minecraft:feather_falling"
              ]
            }
          ]
        },
        {
          "type": "minecraft:item",
          "name": "minecraft:diamond",
          "weight": 16,
          "functions": [
            {
              "function": "minecraft:set_count",
              "count": {
                "type": "minecraft:uniform",
                "min": 1,
                "max": 3
              },
              "add": false
            }
          ]
        },
        {
          "type": "minecraft:item",
          "name": "minecraft:book",
          "weight": 10,
          "functions": [
            {
              "function": "minecraft:enchant_randomly",
              "enchantments": [
                "minecraft:riptide",
                "minecraft:loyalty",
                "minecraft:channeling",
                "minecraft:impaling",
                "minecraft:mending"
              ]
            }
          ]
        }
      ]
    }
  ],
  "random_sequence": "minecraft:chests/trial_chambers/reward"
}
