{
	"type": "minecraft:chest",
	"pools": [
	  {
		"rolls": {
		  "type": "minecraft:uniform",
		  "min": 5,
		  "max": 9
		},
		"bonus_rolls": 0,
		"entries": [
		  {
			"type": "minecraft:item",
			"name": "minecraft:enchanted_golden_apple",
			"functions": [
			  {
				"function": "minecraft:set_nbt",
				"tag": "{Enchantments:[{id:\"minecraft:unbreaking\",lvl:10s}],display:{Name:'{\"color\":\"#EB5D2F\",\"text\":\"真 附魔金苹果\"}'}}"
			  },
			  {
				"function": "minecraft:set_count",
				"count": {
				  "type": "minecraft:uniform",
				  "min": 1,
				  "max": 2
				},
				"add": false
			  }
			]
		  },
		  {
			"type": "minecraft:item",
			"name": "minecraft:music_disc_otherside"
		  },
		  {
			"type": "minecraft:item",
			"name": "minecraft:compass",
			"weight": 2,
			"functions": [
			  {
				"function": "minecraft:set_count",
				"count": {
				  "type": "minecraft:uniform",
				  "min": 1,
				  "max": 4
				},
				"add": false
			  }
			]
		  },
		  {
			"type": "minecraft:item",
			"name": "minecraft:sculk_catalyst",
			"weight": 2,
			"functions": [
			  {
				"function": "minecraft:set_count",
				"count": {
				  "type": "minecraft:uniform",
				  "min": 1,
				  "max": 2
				},
				"add": false
			  }
			]
		  },
		  {
			"type": "minecraft:item",
			"name": "minecraft:name_tag",
			"weight": 2
		  },
		  {
			"type": "minecraft:item",
			"name": "minecraft:diamond_hoe",
			"weight": 2,
			"functions": [
			  {
				"function": "minecraft:set_count",
				"count": 1,
				"add": false
			  },
			  {
				"function": "minecraft:set_damage",
				"damage": {
				  "type": "minecraft:uniform",
				  "min": 0.8,
				  "max": 1
				},
				"add": false
			  },
			  {
				"function": "minecraft:enchant_with_levels",
				"levels": {
				  "type": "minecraft:uniform",
				  "min": 30,
				  "max": 50
				},
				"treasure": true
			  }
			]
		  },
		  {
			"type": "minecraft:item",
			"name": "minecraft:lead",
			"weight": 2,
			"functions": [
			  {
				"function": "minecraft:set_count",
				"count": 1,
				"add": false
			  }
			]
		  },
		  {
			"type": "minecraft:item",
			"name": "minecraft:diamond_horse_armor",
			"weight": 2,
			"functions": [
			  {
				"function": "minecraft:set_count",
				"count": 1,
				"add": false
			  }
			]
		  },
		  {
			"type": "minecraft:item",
			"name": "minecraft:saddle",
			"weight": 2,
			"functions": [
			  {
				"function": "minecraft:set_count",
				"count": 1,
				"add": false
			  }
			]
		  },
		  {
			"type": "minecraft:item",
			"name": "minecraft:music_disc_13",
			"weight": 2
		  },
		  {
			"type": "minecraft:item",
			"name": "minecraft:music_disc_cat",
			"weight": 2
		  },
		  {
			"type": "minecraft:item",
			"name": "minecraft:diamond_leggings",
			"weight": 2,
			"functions": [
			  {
				"function": "minecraft:set_attributes",
				"modifiers": [
				  {
					"attribute": "minecraft:generic.max_health",
					"name": "",
					"amount": {
					  "type": "minecraft:uniform",
					  "min": 1,
					  "max": 5
					},
					"operation": "addition",
					"id": "af0dfe54-b8a1-4516-bac2-88815e967400",
					"slot": "legs"
				  }
				],
				"conditions": [
				  {
					"condition": "minecraft:random_chance",
					"chance": 0.4
				  }
				]
			  },
			  {
				"function": "minecraft:set_attributes",
				"modifiers": [
				  {
					"attribute": "minecraft:generic.armor_toughness",
					"name": "",
					"amount": {
					  "type": "minecraft:uniform",
					  "min": 2,
					  "max": 4
					},
					"operation": "addition",
					"id": "d91e8f81-1e5e-41bb-97f2-8efe7930ee84",
					"slot": "legs"
				  },
				  {
					"attribute": "minecraft:generic.armor",
					"name": "",
					"amount": {
					  "type": "minecraft:uniform",
					  "min": 7,
					  "max": 11
					},
					"operation": "addition",
					"id": "ad952fac-a35d-4eff-8d18-882e917b82d0",
					"slot": "legs"
				  }
				]
			  },
			  {
				"function": "minecraft:set_damage",
				"damage": {
				  "type": "minecraft:uniform",
				  "min": 0.6,
				  "max": 0.9
				}
			  },
			  {
				"function": "minecraft:enchant_with_levels",
				"levels": {
				  "type": "minecraft:uniform",
				  "min": 30,
				  "max": 50
				},
				"treasure": true
			  }
			]
		  },
		  {
			"type": "minecraft:item",
			"name": "minecraft:book",
			"weight": 2,
			"functions": [
			  {
				"function": "minecraft:enchant_randomly",
				"enchantments": [
				  "minecraft:swift_sneak"
				]
			  }
			]
		  },
		  {
			"type": "minecraft:item",
			"name": "minecraft:sculk",
			"weight": 3,
			"functions": [
			  {
				"function": "minecraft:set_count",
				"count": {
				  "type": "minecraft:uniform",
				  "min": 4,
				  "max": 10
				},
				"add": false
			  }
			]
		  },
		  {
			"type": "minecraft:item",
			"name": "minecraft:sculk_sensor",
			"weight": 3,
			"functions": [
			  {
				"function": "minecraft:set_count",
				"count": {
				  "type": "minecraft:uniform",
				  "min": 1,
				  "max": 3
				},
				"add": false
			  }
			]
		  },
		  {
			"type": "minecraft:item",
			"name": "minecraft:candle",
			"weight": 3,
			"functions": [
			  {
				"function": "minecraft:set_count",
				"count": {
				  "type": "minecraft:uniform",
				  "min": 1,
				  "max": 4
				},
				"add": false
			  }
			]
		  },
		  {
			"type": "minecraft:item",
			"name": "minecraft:amethyst_shard",
			"weight": 3,
			"functions": [
			  {
				"function": "minecraft:set_count",
				"count": {
				  "type": "minecraft:uniform",
				  "min": 1,
				  "max": 15
				},
				"add": false
			  }
			]
		  },
		  {
			"type": "minecraft:item",
			"name": "minecraft:experience_bottle",
			"weight": 3,
			"functions": [
			  {
				"function": "minecraft:set_count",
				"count": {
				  "type": "minecraft:uniform",
				  "min": 1,
				  "max": 3
				},
				"add": false
			  }
			]
		  },
		  {
			"type": "minecraft:item",
			"name": "minecraft:glow_berries",
			"weight": 3,
			"functions": [
			  {
				"function": "minecraft:set_count",
				"count": {
				  "type": "minecraft:uniform",
				  "min": 1,
				  "max": 15
				},
				"add": false
			  }
			]
		  },
		  {
			"type": "minecraft:item",
			"name": "minecraft:iron_leggings",
			"weight": 3,
			"functions": [
			  {
				"function": "minecraft:enchant_with_levels",
				"levels": {
				  "type": "minecraft:uniform",
				  "min": 20,
				  "max": 39
				},
				"treasure": true
			  }
			]
		  },
		  {
			"type": "minecraft:item",
			"name": "minecraft:echo_shard",
			"weight": 3,
			"functions": [
			  {
				"function": "minecraft:set_count",
				"count": {
				  "type": "minecraft:uniform",
				  "min": 1,
				  "max": 3
				},
				"add": false
			  }
			]
		  },
		  {
			"type": "minecraft:item",
			"name": "minecraft:disc_fragment_5",
			"weight": 3,
			"functions": [
			  {
				"function": "minecraft:set_count",
				"count": {
				  "type": "minecraft:uniform",
				  "min": 1,
				  "max": 3
				},
				"add": false
			  }
			]
		  },
		  {
			"type": "minecraft:item",
			"name": "minecraft:potion",
			"weight": 5,
			"functions": [
			  {
				"function": "minecraft:set_count",
				"count": {
				  "type": "minecraft:uniform",
				  "min": 1,
				  "max": 3
				},
				"add": false
			  },
			  {
				"function": "minecraft:set_potion",
				"id": "minecraft:strong_regeneration"
			  }
			]
		  },
		  {
			"type": "minecraft:item",
			"name": "minecraft:book",
			"weight": 5,
			"functions": [
			  {
				"function": "minecraft:enchant_randomly"
			  }
			]
		  },
		  {
			"type": "minecraft:item",
			"name": "minecraft:book",
			"weight": 5,
			"functions": [
			  {
				"function": "minecraft:set_count",
				"count": {
				  "type": "minecraft:uniform",
				  "min": 3,
				  "max": 10
				},
				"add": false
			  }
			]
		  },
		  {
			"type": "minecraft:item",
			"name": "minecraft:bone",
			"weight": 5,
			"functions": [
			  {
				"function": "minecraft:set_count",
				"count": {
				  "type": "minecraft:uniform",
				  "min": 1,
				  "max": 15
				},
				"add": false
			  }
			]
		  },
		  {
			"type": "minecraft:item",
			"name": "minecraft:soul_torch",
			"weight": 5,
			"functions": [
			  {
				"function": "minecraft:set_count",
				"count": {
				  "type": "minecraft:uniform",
				  "min": 1,
				  "max": 15
				},
				"add": false
			  }
			]
		  },
		  {
			"type": "minecraft:item",
			"name": "minecraft:obsidian",
			"weight": 7,
			"functions": [
			  {
				"function": "minecraft:set_count",
				"count": {
				  "type": "minecraft:uniform",
				  "min": 6,
				  "max": 15
				},
				"add": false
			  }
			]
		  }
		]
	  },
	  {
		"rolls": 1,
		"bonus_rolls": 0,
		"entries": [
		  {
			"type": "minecraft:empty",
			"weight": 75
		  },
		  {
			"type": "minecraft:item",
			"name": "minecraft:ward_armor_trim_smithing_template",
			"weight": 4
		  },
		  {
			"type": "minecraft:item",
			"name": "minecraft:silence_armor_trim_smithing_template"
		  }
		]
	  }
	],
	"random_sequence": "minecraft:chests/ancient_city"
  }
  