{
  "type": "minecraft:chest",
  "pools": [
    {
      "rolls": 1,
      "bonus_rolls": 0,
      "entries": [
        {
          "type": "minecraft:item",
          "name": "minecraft:lodestone"
        }
      ]
    },
    {
      "rolls": {
        "type": "minecraft:uniform",
        "min": 1,
        "max": 2
      },
      "bonus_rolls": 0,
      "entries": [
        {
          "type": "minecraft:item",
          "name": "minecraft:crossbow",
          "functions": [
            {
              "function": "minecraft:set_damage",
              "damage": {
                "type": "minecraft:uniform",
                "min": 0.5,
                "max": 0.9
              },
              "add": false
            },
            {
              "function": "minecraft:enchant_randomly"
            }
          ]
        },
        {
          "type": "minecraft:item",
          "name": "minecraft:spectral_arrow",
          "functions": [
            {
              "function": "minecraft:set_count",
              "count": {
                "type": "minecraft:uniform",
                "min": 2,
                "max": 12
              },
              "add": false
            }
          ]
        },
        {
          "type": "minecraft:item",
          "name": "minecraft:gilded_blackstone",
          "functions": [
            {
              "function": "minecraft:set_count",
              "count": {
                "type": "minecraft:uniform",
                "min": 8,
                "max": 12
              },
              "add": false
            }
          ]
        },
        {
          "type": "minecraft:item",
          "name": "minecraft:crying_obsidian",
          "functions": [
            {
              "function": "minecraft:set_count",
              "count": {
                "type": "minecraft:uniform",
                "min": 3,
                "max": 8
              },
              "add": false
            }
          ]
        },
        {
          "type": "minecraft:item",
          "name": "minecraft:gold_block",
          "functions": [
            {
              "function": "minecraft:set_count",
              "count": 1,
              "add": false
            }
          ]
        },
        {
          "type": "minecraft:item",
          "name": "minecraft:gold_ingot",
          "functions": [
            {
              "function": "minecraft:set_count",
              "count": {
                "type": "minecraft:uniform",
                "min": 4,
                "max": 9
              },
              "add": false
            }
          ]
        },
        {
          "type": "minecraft:item",
          "name": "minecraft:iron_block",
          "functions": [
            {
              "function": "minecraft:set_count",
              "count": {
                "type": "minecraft:uniform",
                "min": 2,
                "max": 3
              },
              "add": false
            }
          ]
        },
        {
          "type": "minecraft:item",
          "name": "minecraft:golden_sword",
          "functions": [
            {
              "function": "minecraft:set_nbt",
              "tag": "{Unbreakable: 1b}",
              "conditions": [
                {
                  "condition": "minecraft:random_chance",
                  "chance": 0.5
                }
              ]
            },
            {
              "function": "minecraft:set_attributes",
              "modifiers": [
                {
                  "attribute": "minecraft:generic.movement_speed",
                  "name": "",
                  "amount": {
                    "type": "minecraft:uniform",
                    "min": 0.01,
                    "max": 0.06
                  },
                  "operation": "addition",
                  "id": "5690bf77-39dc-4b08-adc8-ecd6af96b59b",
                  "slot": "mainhand"
                }
              ]
            },
            {
              "function": "minecraft:set_attributes",
              "modifiers": [
                {
                  "attribute": "minecraft:generic.attack_speed",
                  "name": "",
                  "amount": {
                    "type": "minecraft:uniform",
                    "min": 1.8,
                    "max": 4
                  },
                  "operation": "addition",
                  "id": "24f4bdf7-b9a0-4b69-999a-c9c755157d60",
                  "slot": "mainhand"
                },
                {
                  "attribute": "minecraft:generic.attack_damage",
                  "name": "",
                  "amount": {
                    "type": "minecraft:uniform",
                    "min": 6,
                    "max": 12
                  },
                  "operation": "addition",
                  "id": "1bc43922-040e-4cc2-9761-d27d879549a0",
                  "slot": "mainhand"
                }
              ]
            }
          ]
        },
        {
          "type": "minecraft:item",
          "name": "minecraft:golden_chestplate",
          "functions": [
            {
              "function": "minecraft:set_nbt",
              "tag": "{Unbreakable: 1b}",
              "conditions": [
                {
                  "condition": "minecraft:random_chance",
                  "chance": 0.5
                }
              ]
            },
            {
              "function": "minecraft:set_attributes",
              "modifiers": [
                {
                  "attribute": "minecraft:generic.armor_toughness",
                  "name": "",
                  "amount": {
                    "type": "minecraft:uniform",
                    "min": 1,
                    "max": 4
                  },
                  "operation": "addition",
                  "id": "9b996b84-644f-4599-aadc-f6df9adc306f",
                  "slot": "chest"
                }
              ],
              "conditions": [
                {
                  "condition": "minecraft:random_chance",
                  "chance": 0.7
                }
              ]
            },
            {
              "function": "minecraft:set_attributes",
              "modifiers": [
                {
                  "attribute": "minecraft:generic.armor",
                  "name": "",
                  "amount": {
                    "type": "minecraft:uniform",
                    "min": 7,
                    "max": 11
                  },
                  "operation": "addition",
                  "id": "dd6cb983-07c9-4fcc-bf96-6daf1725ee59",
                  "slot": "chest"
                },
                {
                  "attribute": "minecraft:generic.max_health",
                  "name": "",
                  "amount": {
                    "min": 2,
                    "max": 8
                  },
                  "operation": "addition",
                  "id": "f8c43f60-4bf3-46a3-b4af-a867bd5412ce",
                  "slot": "chest"
                }
              ]
            },
            {
              "function": "minecraft:enchant_randomly"
            }
          ]
        },
        {
          "type": "minecraft:item",
          "name": "minecraft:golden_helmet",
          "functions": [
            {
              "function": "minecraft:set_nbt",
              "tag": "{Unbreakable: 1b}",
              "conditions": [
                {
                  "condition": "minecraft:random_chance",
                  "chance": 0.5
                }
              ]
            },
            {
              "function": "minecraft:set_attributes",
              "modifiers": [
                {
                  "attribute": "minecraft:generic.armor_toughness",
                  "name": "",
                  "amount": {
                    "type": "minecraft:uniform",
                    "min": 1,
                    "max": 4
                  },
                  "operation": "addition",
                  "id": "d51f7521-a489-495f-8739-3f6a12054bba",
                  "slot": "head"
                }
              ],
              "conditions": [
                {
                  "condition": "minecraft:random_chance",
                  "chance": 0.7
                }
              ]
            },
            {
              "function": "minecraft:set_attributes",
              "modifiers": [
                {
                  "attribute": "minecraft:generic.armor",
                  "name": "",
                  "amount": {
                    "type": "minecraft:uniform",
                    "min": 4,
                    "max": 8
                  },
                  "operation": "addition",
                  "id": "24499914-241f-4321-b58c-25a51115bb07",
                  "slot": "head"
                },
                {
                  "attribute": "minecraft:generic.knockback_resistance",
                  "name": "",
                  "amount": {
                    "min": 0.1,
                    "max": 0.3
                  },
                  "operation": "addition",
                  "id": "a5a90081-b14f-4b84-9d7d-2a0fd2e2945b",
                  "slot": "head"
                }
              ]
            },
            {
              "function": "minecraft:enchant_randomly"
            }
          ]
        },
        {
          "type": "minecraft:item",
          "name": "minecraft:golden_leggings",
          "functions": [
            {
              "function": "minecraft:set_nbt",
              "tag": "{Unbreakable: 1b}",
              "conditions": [
                {
                  "condition": "minecraft:random_chance",
                  "chance": 0.5
                }
              ]
            },
            {
              "function": "minecraft:set_attributes",
              "modifiers": [
                {
                  "attribute": "minecraft:generic.armor_toughness",
                  "name": "",
                  "amount": {
                    "type": "minecraft:uniform",
                    "min": 1,
                    "max": 4
                  },
                  "operation": "addition",
                  "id": "f6d06922-f551-4439-8f8c-2b102cbe9be0",
                  "slot": "legs"
                }
              ]
            },
            {
              "function": "minecraft:set_attributes",
              "modifiers": [
                {
                  "attribute": "minecraft:generic.attack_damage",
                  "name": "",
                  "amount": {
                    "min": 2,
                    "max": 5
                  },
                  "operation": "addition",
                  "id": "b9aeb68e-929f-4f8c-84a2-624811436a5b",
                  "slot": "legs"
                },
                {
                  "attribute": "minecraft:generic.armor",
                  "name": "",
                  "amount": {
                    "type": "minecraft:uniform",
                    "min": 5,
                    "max": 9
                  },
                  "operation": "addition",
                  "id": "7ad24ac7-7512-437b-9c79-2b47d7c9f781",
                  "slot": "legs"
                }
              ]
            },
            {
              "function": "minecraft:enchant_randomly"
            }
          ]
        },
        {
          "type": "minecraft:item",
          "name": "minecraft:golden_boots",
          "functions": [
            {
              "function": "minecraft:set_nbt",
              "tag": "{Unbreakable: 1b}",
              "conditions": [
                {
                  "condition": "minecraft:random_chance",
                  "chance": 0.5
                }
              ]
            },
            {
              "function": "minecraft:set_attributes",
              "modifiers": [
                {
                  "attribute": "minecraft:generic.armor_toughness",
                  "name": "",
                  "amount": {
                    "type": "minecraft:uniform",
                    "min": 1,
                    "max": 3
                  },
                  "operation": "addition",
                  "id": "22baa5d4-6885-4ba3-b880-6e88b2d73c8c",
                  "slot": "feet"
                }
              ],
              "conditions": [
                {
                  "condition": "minecraft:random_chance",
                  "chance": 0.7
                }
              ]
            },
            {
              "function": "minecraft:set_attributes",
              "modifiers": [
                {
                  "attribute": "minecraft:generic.armor",
                  "name": "",
                  "amount": {
                    "type": "minecraft:uniform",
                    "min": 3,
                    "max": 7
                  },
                  "operation": "addition",
                  "id": "2cd21a4c-f72c-41cb-ac23-1f319915c1b1",
                  "slot": "feet"
                },
                {
                  "attribute": "minecraft:generic.movement_speed",
                  "name": "",
                  "amount": {
                    "min": 0.01,
                    "max": 0.05
                  },
                  "operation": "addition",
                  "id": "2179f1a6-184b-4fb8-9452-201f3aa1e3f7",
                  "slot": "feet"
                }
              ]
            },
            {
              "function": "minecraft:enchant_randomly"
            }
          ]
        },
        {
          "type": "minecraft:item",
          "name": "minecraft:golden_axe",
          "functions": [
            {
              "function": "minecraft:set_nbt",
              "tag": "{Unbreakable: 1b}",
              "conditions": [
                {
                  "condition": "minecraft:random_chance",
                  "chance": 0.5
                }
              ]
            },
            {
              "function": "minecraft:set_attributes",
              "modifiers": [
                {
                  "attribute": "minecraft:generic.attack_damage",
                  "name": "",
                  "amount": {
                    "type": "minecraft:uniform",
                    "min": 9,
                    "max": 13
                  },
                  "operation": "addition",
                  "id": "95393c36-d406-4516-b88c-68a5d206a660",
                  "slot": "mainhand"
                },
                {
                  "attribute": "minecraft:generic.attack_speed",
                  "name": "",
                  "amount": {
                    "type": "minecraft:uniform",
                    "min": 1.4,
                    "max": 3
                  },
                  "operation": "addition",
                  "id": "684f0cd8-1d09-4746-81ce-3080984ddc09",
                  "slot": "mainhand"
                }
              ]
            },
            {
              "function": "minecraft:enchant_randomly"
            }
          ]
        }
      ]
    },
    {
      "rolls": {
        "type": "minecraft:uniform",
        "min": 1,
        "max": 2
      },
      "bonus_rolls": 0,
      "entries": [
        {
          "type": "minecraft:item",
          "name": "minecraft:music_disc_otherside",
          "weight": 2
        },
        {
          "type": "minecraft:item",
          "name": "minecraft:music_disc_pigstep",
          "weight": 2
        },
        {
          "type": "minecraft:item",
          "name": "minecraft:trial_key",
          "weight": 6,
          "functions": [
            {
              "function": "minecraft:set_count",
              "count": {
                "type": "minecraft:uniform",
                "min": 3,
                "max": 12
              },
              "add": false
            }
          ]
        },
        {
          "type": "minecraft:item",
          "name": "minecraft:diamond",
          "weight": 2,
          "functions": [
            {
              "function": "minecraft:set_count",
              "count": {
                "type": "minecraft:uniform",
                "min": 2,
                "max": 3
              },
              "add": false
            }
          ]
        },
        {
          "type": "minecraft:item",
          "name": "minecraft:piglin_head",
          "weight": 1
        }
      ]
    },
    {
      "rolls": 1,
      "bonus_rolls": 0,
      "entries": [
        {
          "type": "minecraft:empty",
          "weight": 11
        },
        {
          "type": "minecraft:item",
          "name": "minecraft:snout_armor_trim_smithing_template"
        }
      ]
    },
    {
      "rolls": 1,
      "bonus_rolls": 0,
      "entries": [
        {
          "type": "minecraft:empty",
          "weight": 9
        },
        {
          "type": "minecraft:item",
          "name": "minecraft:netherite_upgrade_smithing_template"
        }
      ]
    }
  ],
  "random_sequence": "minecraft:chests/bastion_bridge"
}
