{
  "type": "minecraft:chest",
  "pools": [
    {
      "rolls": {
        "type": "minecraft:uniform",
        "min": 2,
        "max": 4
      },
      "bonus_rolls": 0,
      "entries": [
        {
          "type": "minecraft:item",
          "name": "minecraft:diamond_block",
          "weight": 5,
          "functions": [
            {
              "function": "minecraft:set_count",
              "count": {
                "type": "minecraft:uniform",
                "min": 1,
                "max": 3
              },
              "add": false
            }
          ]
        },
        {
          "type": "minecraft:item",
          "name": "minecraft:gold_block",
          "weight": 5,
          "functions": [
            {
              "function": "minecraft:set_count",
              "count": {
                "type": "minecraft:uniform",
                "min": 1,
                "max": 5
              },
              "add": false
            }
          ]
        },
        {
          "type": "minecraft:item",
          "name": "minecraft:gold_ingot",
          "weight": 15,
          "functions": [
            {
              "function": "minecraft:set_count",
              "count": {
                "type": "minecraft:uniform",
                "min": 2,
                "max": 7
              },
              "add": false
            }
          ]
        },
        {
          "type": "minecraft:item",
          "name": "minecraft:emerald",
          "weight": 15,
          "functions": [
            {
              "function": "minecraft:set_count",
              "count": {
                "type": "minecraft:uniform",
                "min": 1,
                "max": 3
              },
              "add": false
            }
          ]
        },
        {
          "type": "minecraft:item",
          "name": "minecraft:emerald_block",
          "weight": 5,
          "functions": [
            {
              "function": "minecraft:set_count",
              "count": {
                "type": "minecraft:uniform",
                "min": 4,
                "max": 6
              },
              "add": false
            }
          ]
        },
        {
          "type": "minecraft:item",
          "name": "minecraft:fermented_spider_eye",
          "weight": 25,
          "functions": [
            {
              "function": "minecraft:set_count",
              "count": {
                "type": "minecraft:uniform",
                "min": 1,
                "max": 3
              },
              "add": false
            }
          ]
        },
        {
          "type": "minecraft:item",
          "name": "minecraft:experience_bottle",
          "weight": 25,
          "functions": [
            {
              "function": "minecraft:set_count",
              "count": {
                "type": "minecraft:uniform",
                "min": 3,
                "max": 7
              },
              "add": false
            }
          ]
        },
        {
          "type": "minecraft:item",
          "name": "minecraft:saddle",
          "weight": 20
        },
        {
          "type": "minecraft:item",
          "name": "minecraft:iron_horse_armor",
          "weight": 15
        },
        {
          "type": "minecraft:item",
          "name": "minecraft:golden_horse_armor",
          "weight": 10
        },
        {
          "type": "minecraft:item",
          "name": "minecraft:diamond_horse_armor",
          "weight": 5
        },
        {
          "type": "minecraft:item",
          "name": "minecraft:book",
          "weight": 20,
          "functions": [
            {
              "function": "minecraft:set_nbt",
              "tag": "{AttributeModifiers:[{Amount:4.0d,AttributeName:\"minecraft:generic.max_health\",Name:\"\",Operation:0,Slot:\"mainhand\",UUID:[I;-750409409,1132087823,-1310989955,919164050]},{Amount:0.019999999552965164d,AttributeName:\"minecraft:generic.movement_speed\",Name:\"\",Operation:0,Slot:\"mainhand\",UUID:[I;362162042,-1451276782,-2084406737,-465709139]},{Amount:1.0d,AttributeName:\"minecraft:generic.armor_toughness\",Name:\"\",Operation:0,Slot:\"mainhand\",UUID:[I;-602205042,1258112799,-1796210274,1017988290]},{Amount:1.0d,AttributeName:\"minecraft:generic.follow_range\",Name:\"\",Operation:0,Slot:\"mainhand\",UUID:[I;1213223932,171526976,-1109793056,874552253]},{Amount:1.0d,AttributeName:\"minecraft:generic.attack_knockback\",Name:\"\",Operation:0,Slot:\"mainhand\",UUID:[I;1285129537,-1396816264,-1724068648,-947239736]},{Amount:4.0d,AttributeName:\"minecraft:generic.attack_damage\",Name:\"\",Operation:0,Slot:\"mainhand\",UUID:[I;120861478,2143701985,-1432642768,-1620936194]},{Amount:2.0d,AttributeName:\"minecraft:generic.armor\",Name:\"\",Operation:0,Slot:\"mainhand\",UUID:[I;276481609,-1402911157,-1325127340,1805870139]},{Amount:1.0d,AttributeName:\"minecraft:generic.luck\",Name:\"\",Operation:0,Slot:\"mainhand\",UUID:[I;1496178074,-647083516,-1210867428,-970747581]}],Enchantments:[{id:\"minecraft:smite\",lvl:10s}],HideFlags:1,display:{Lore:['{\"text\":\"经魔理沙之手改良的魔法载体，封印并控制了不少的魔力\",\"color\":\"#EADE62\"}'],Name:'{\"text\":\"魔理沙的魔法书\",\"color\":\"#EADE62\"}'}}",
              "conditions": [
                {
                  "condition": "minecraft:random_chance",
                  "chance": 0.1
                }
              ]
            },
            {
              "function": "minecraft:enchant_randomly",
              "conditions": [
                {
                  "condition": "minecraft:random_chance",
                  "chance": 0.9
                }
              ]
            }
          ]
        },
        {
          "type": "minecraft:item",
          "name": "minecraft:golden_apple",
          "weight": 20
        },
        {
          "type": "minecraft:item",
          "name": "minecraft:enchanted_golden_apple",
          "weight": 2,
          "functions": [
            {
              "function": "minecraft:set_nbt",
              "tag": "{Enchantments:[{id:\"minecraft:unbreaking\",lvl:10s}],display:{Name:'{\"color\":\"#EB5D2F\",\"text\":\"真 附魔金苹果\"}'}}"
            }
          ]
        },
        {
          "type": "minecraft:empty",
          "weight": 15
        }
      ]
    },
    {
      "rolls": 4,
      "bonus_rolls": 0,
      "entries": [
        {
          "type": "minecraft:item",
          "name": "minecraft:bone_block",
          "weight": 10,
          "functions": [
            {
              "function": "minecraft:set_count",
              "count": {
                "type": "minecraft:uniform",
                "min": 1,
                "max": 8
              },
              "add": false
            }
          ]
        },
        {
          "type": "minecraft:item",
          "name": "minecraft:totem_of_undying",
          "weight": 4
        },
        {
          "type": "minecraft:item",
          "name": "minecraft:pink_shulker_box",
          "weight": 3
        },
        {
          "type": "minecraft:item",
          "name": "minecraft:chainmail_chestplate",
          "weight": 2,
          "functions": [
            {
              "function": "minecraft:set_nbt",
              "tag": "{Unbreakable:1b}",
              "conditions": [
                {
                  "condition": "minecraft:random_chance",
                  "chance": 0.3
                }
              ]
            }
          ]
        },
        {
          "type": "minecraft:item",
          "name": "minecraft:sand",
          "weight": 10,
          "functions": [
            {
              "function": "minecraft:set_count",
              "count": {
                "type": "minecraft:uniform",
                "min": 1,
                "max": 8
              },
              "add": false
            }
          ]
        }
      ]
    },
    {
      "rolls": 1,
      "bonus_rolls": 0,
      "entries": [
        {
          "type": "minecraft:empty",
          "weight": 6
        },
        {
          "type": "minecraft:item",
          "name": "minecraft:dune_armor_trim_smithing_template",
          "functions": [
            {
              "function": "minecraft:set_count",
              "count": 2,
              "add": false
            }
          ]
        }
      ]
    }
  ],
  "random_sequence": "minecraft:chests/desert_pyramid"
}
