{
  "type": "minecraft:chest",
  "pools": [
    {
      "rolls": {
        "type": "minecraft:uniform",
        "min": 1,
        "max": 3
      },
      "bonus_rolls": 0,
      "entries": [
        {
          "type": "minecraft:item",
          "name": "minecraft:music_disc_pigstep",
          "weight": 2
        },
        {
          "type": "minecraft:item",
          "name": "minecraft:saddle",
          "weight": 20
        },
        {
          "type": "minecraft:item",
          "name": "minecraft:golden_apple",
          "weight": 15
        },
        {
          "type": "minecraft:item",
          "name": "minecraft:enchanted_golden_apple",
          "weight": 2,
          "functions": [
            {
              "function": "minecraft:set_nbt",
              "tag": "{Enchantments:[{id:\"minecraft:unbreaking\",lvl:10s}],display:{Name:'{\"color\":\"#EB5D2F\",\"text\":\"真 附魔金苹果\"}'}}"
            }
          ]
        },
        {
          "type": "minecraft:item",
          "name": "minecraft:music_disc_otherside",
          "weight": 2
        },
        {
          "type": "minecraft:item",
          "name": "minecraft:music_disc_13",
          "weight": 15
        },
        {
          "type": "minecraft:item",
          "name": "minecraft:music_disc_cat",
          "weight": 15
        },
        {
          "type": "minecraft:item",
          "name": "minecraft:name_tag",
          "weight": 20
        },
        {
          "type": "minecraft:item",
          "name": "minecraft:golden_horse_armor",
          "weight": 10
        },
        {
          "type": "minecraft:item",
          "name": "minecraft:iron_horse_armor",
          "weight": 15
        },
        {
          "type": "minecraft:item",
          "name": "minecraft:diamond_horse_armor",
          "weight": 5
        },
        {
          "type": "minecraft:item",
          "name": "minecraft:book",
          "weight": 10,
          "functions": [
            {
              "function": "minecraft:enchant_with_levels",
              "levels": {
                "type": "minecraft:uniform",
                "min": 20,
                "max": 30
              },
              "treasure": true
            }
          ]
        }
      ]
    },
    {
      "rolls": {
        "type": "minecraft:uniform",
        "min": 1,
        "max": 4
      },
      "bonus_rolls": 0,
      "entries": [
        {
          "type": "minecraft:item",
          "name": "minecraft:elytra",
          "weight": 1
        },
        {
          "type": "minecraft:item",
          "name": "minecraft:iron_block",
          "weight": 10,
          "functions": [
            {
              "function": "minecraft:set_count",
              "count": {
                "type": "minecraft:uniform",
                "min": 1,
                "max": 4
              },
              "add": false
            }
          ]
        },
        {
          "type": "minecraft:item",
          "name": "minecraft:diamond",
          "weight": 10,
          "functions": [
            {
              "function": "minecraft:set_count",
              "count": {
                "type": "minecraft:uniform",
                "min": 1,
                "max": 4
              },
              "add": false
            }
          ]
        },
        {
          "type": "minecraft:item",
          "name": "minecraft:cooked_beef",
          "weight": 20
        },
        {
          "type": "minecraft:item",
          "name": "minecraft:golden_carrot",
          "weight": 20,
          "functions": [
            {
              "function": "minecraft:set_count",
              "count": {
                "type": "minecraft:uniform",
                "min": 1,
                "max": 4
              },
              "add": false
            }
          ]
        },
        {
          "type": "minecraft:item",
          "name": "minecraft:bucket",
          "weight": 10
        },
        {
          "type": "minecraft:item",
          "name": "minecraft:redstone_block",
          "weight": 15,
          "functions": [
            {
              "function": "minecraft:set_count",
              "count": {
                "type": "minecraft:uniform",
                "min": 1,
                "max": 4
              },
              "add": false
            }
          ]
        },
        {
          "type": "minecraft:item",
          "name": "minecraft:obsidian",
          "weight": 15,
          "functions": [
            {
              "function": "minecraft:set_count",
              "count": {
                "type": "minecraft:uniform",
                "min": 1,
                "max": 4
              },
              "add": false
            }
          ]
        },
        {
          "type": "minecraft:item",
          "name": "minecraft:chainmail_leggings",
          "weight": 10,
          "functions": [
            {
              "function": "minecraft:set_nbt",
              "tag": "{Unbreakable: 1b}",
              "conditions": [
                {
                  "condition": "minecraft:random_chance",
                  "chance": 0.3
                }
              ]
            }
          ]
        },
        {
          "type": "minecraft:item",
          "name": "minecraft:trial_key",
          "weight": 10,
          "functions": [
            {
              "function": "minecraft:set_count",
              "count": {
                "type": "minecraft:uniform",
                "min": 2,
                "max": 6
              },
              "add": false
            }
          ]
        },
        {
          "type": "minecraft:item",
          "name": "minecraft:experience_bottle",
          "weight": 10,
          "functions": [
            {
              "function": "minecraft:set_count",
              "count": {
                "type": "minecraft:uniform",
                "min": 2,
                "max": 4
              },
              "add": false
            }
          ]
        },
        {
          "type": "minecraft:item",
          "name": "minecraft:sponge",
          "weight": 2
        }
      ]
    },
    {
      "rolls": 2,
      "bonus_rolls": 0,
      "entries": [
        {
          "type": "minecraft:item",
          "name": "minecraft:bone_block",
          "weight": 10,
          "functions": [
            {
              "function": "minecraft:set_count",
              "count": {
                "type": "minecraft:uniform",
                "min": 1,
                "max": 8
              },
              "add": false
            }
          ]
        },
        {
          "type": "minecraft:item",
          "name": "minecraft:pink_shulker_box",
          "weight": 5
        },
        {
          "type": "minecraft:item",
          "name": "minecraft:firework_rocket",
          "weight": 5,
          "functions": [
            {
              "function": "minecraft:set_nbt",
              "tag": "{Fireworks:{Flight:1b}}"
            },
            {
              "function": "minecraft:set_count",
              "count": {
                "type": "minecraft:uniform",
                "min": 1,
                "max": 8
              },
              "add": false
            }
          ]
        },
        {
          "type": "minecraft:item",
          "name": "minecraft:totem_of_undying",
          "weight": 4
        }
      ]
    }
  ],
  "random_sequence": "minecraft:chests/simple_dungeon"
}
