{
  "type": "minecraft:chest",
  "pools": [
    {
      "rolls": {
        "type": "minecraft:uniform",
        "min": 2,
        "max": 8
      },
      "bonus_rolls": 0,
      "entries": [
        {
          "type": "minecraft:item",
          "name": "minecraft:experience_bottle",
          "weight": 10,
          "functions": [
            {
              "function": "minecraft:set_count",
              "count": {
                "type": "minecraft:uniform",
                "min": 1,
                "max": 4
              },
              "add": false
            }
          ]
        },
        {
          "type": "minecraft:item",
          "name": "minecraft:chainmail_boots",
          "weight": 15,
          "functions": [
            {
              "function": "minecraft:set_nbt",
              "tag": "{Unbreakable: 1b}",
              "conditions": [
                {
                  "condition": "minecraft:random_chance",
                  "chance": 0.3
                }
              ]
            }
          ]
        },
        {
          "type": "minecraft:item",
          "name": "minecraft:golden_carrot",
          "weight": 20
        },
        {
          "type": "minecraft:item",
          "name": "minecraft:book",
          "weight": 1,
          "quality": 1,
          "functions": [
            {
              "function": "minecraft:set_nbt",
              "tag": "{AttributeModifiers:[{Amount:4.0d,AttributeName:\"minecraft:generic.max_health\",Name:\"\",Operation:0,Slot:\"mainhand\",UUID:[I;-750409409,1132087823,-1310989955,919164050]},{Amount:0.02d,AttributeName:\"minecraft:generic.movement_speed\",Name:\"\",Operation:0,Slot:\"mainhand\",UUID:[I;362162042,-1451276782,-2084406737,-465709139]},{Amount:2.0d,AttributeName:\"minecraft:generic.armor\",Name:\"\",Operation:0,Slot:\"mainhand\",UUID:[I;276481609,-1402911157,-1325127340,1805870139]},{Amount:1.0d,AttributeName:\"minecraft:generic.armor_toughness\",Name:\"\",Operation:0,Slot:\"mainhand\",UUID:[I;-602205042,1258112799,-1796210274,1017988290]},{Amount:4.0d,AttributeName:\"minecraft:generic.attack_damage\",Name:\"\",Operation:0,Slot:\"mainhand\",UUID:[I;120861478,2143701985,-1432642768,-1620936194]},{Amount:1.0d,AttributeName:\"minecraft:generic.follow_range\",Name:\"\",Operation:0,Slot:\"mainhand\",UUID:[I;1213223932,171526976,-1109793056,874552253]},{Amount:1.0d,AttributeName:\"minecraft:generic.attack_knockback\",Name:\"\",Operation:0,Slot:\"mainhand\",UUID:[I;1285129537,-1396816264,-1724068648,-947239736]},{Amount:1.0d,AttributeName:\"minecraft:generic.luck\",Name:\"\",Operation:0,Slot:\"mainhand\",UUID:[I;1496178074,-647083516,-1210867428,-970747581]}],Enchantments:[{id:\"minecraft:smite\",lvl:10s}],HideFlags:1,display:{Lore:['{\"text\":\"经魔理沙之手改良的魔法载体，封印并控制了不少的魔力\",\"color\":\"#EADE62\"}'],Name:'{\"text\":\"魔理沙的魔法书\",\"color\":\"#EADE62\"}'}}"
            }
          ]
        },
        {
          "type": "minecraft:item",
          "name": "minecraft:cooked_porkchop",
          "weight": 35,
          "functions": [
            {
              "function": "minecraft:set_count",
              "count": {
                "type": "minecraft:uniform",
                "min": 2,
                "max": 3
              },
              "add": false
            }
          ]
        }
      ]
    },
    {
      "rolls": 1,
      "bonus_rolls": 0,
      "entries": [
        {
          "type": "minecraft:item",
          "name": "minecraft:pink_shulker_box",
          "weight": 5
        },
        {
          "type": "minecraft:item",
          "name": "minecraft:firework_rocket",
          "weight": 25,
          "functions": [
            {
              "function": "minecraft:set_nbt",
              "tag": "{Fireworks:{Flight:1b}}"
            }
          ]
        },
        {
          "type": "minecraft:item",
          "name": "minecraft:fishing_rod",
          "weight": 20,
          "functions": [
            {
              "function": "minecraft:set_nbt",
              "tag": "{Unbreakable: 1b}",
              "conditions": [
                {
                  "condition": "minecraft:random_chance",
                  "chance": 0.5
                }
              ]
            },
            {
              "function": "minecraft:set_attributes",
              "modifiers": [
                {
                  "attribute": "minecraft:generic.knockback_resistance",
                  "name": "",
                  "amount": {
                    "type": "minecraft:uniform",
                    "min": 0.01,
                    "max": 0.3
                  },
                  "operation": "addition",
                  "id": "23dbcd94-e6b9-4ab7-ac75-a8a2321526ba",
                  "slot": "mainhand"
                },
                {
                  "attribute": "minecraft:generic.max_health",
                  "name": "",
                  "amount": {
                    "type": "minecraft:uniform",
                    "min": 1,
                    "max": 6
                  },
                  "operation": "addition",
                  "id": "69a6d6e4-2397-444c-9948-2f61777eed2b",
                  "slot": "mainhand"
                },
                {
                  "attribute": "minecraft:generic.luck",
                  "name": "",
                  "amount": {
                    "type": "minecraft:uniform",
                    "min": 1,
                    "max": 6
                  },
                  "operation": "addition",
                  "id": "25a22926-ba1a-4b55-91c5-d9871f010e03",
                  "slot": "mainhand"
                }
              ],
              "conditions": [
                {
                  "condition": "minecraft:random_chance",
                  "chance": 0.8
                }
              ]
            }
          ]
        },
        {
          "type": "minecraft:item",
          "name": "minecraft:firework_star",
          "weight": 1,
          "quality": 1,
          "functions": [
            {
              "function": "minecraft:set_nbt",
              "tag": "{Enchantments:[{id:\"minecraft:vanishing_curse\",lvl:1s}],display:{Name:'{\"text\":\"魔法核心\",\"color\":\"#2c779f\"}'}}"
            }
          ]
        }
      ]
    }
  ],
  "random_sequence": "minecraft:chests/underwater_ruin_small"
}
