{
  "type": "minecraft:chest",
  "pools": [
    {
      "rolls": {
        "type": "minecraft:uniform",
        "min": 2,
        "max": 8
      },
      "bonus_rolls": 0,
      "entries": [
        {
          "type": "minecraft:item",
          "name": "minecraft:heart_of_the_sea",
          "weight": 2,
          "functions": [
            {
              "function": "minecraft:set_count",
              "count": {
                "type": "minecraft:uniform",
                "min": 1,
                "max": 2
              },
              "add": false
            }
          ]
        },
        {
          "type": "minecraft:item",
          "name": "minecraft:gold_ingot",
          "weight": 10,
          "functions": [
            {
              "function": "minecraft:set_count",
              "count": {
                "type": "minecraft:uniform",
                "min": 1,
                "max": 3
              },
              "add": false
            }
          ]
        },
        {
          "type": "minecraft:item",
          "name": "minecraft:emerald_block"
        },
        {
          "type": "minecraft:item",
          "name": "minecraft:golden_carrot",
          "weight": 10,
          "functions": [
            {
              "function": "minecraft:set_count",
              "count": {
                "type": "minecraft:uniform",
                "min": 2,
                "max": 3
              },
              "add": false
            }
          ]
        }
      ]
    },
    {
      "rolls": 1,
      "bonus_rolls": 0,
      "entries": [
        {
          "type": "minecraft:item",
          "name": "minecraft:golden_apple"
        },
        {
          "type": "minecraft:item",
          "name": "minecraft:book",
          "weight": 5,
          "functions": [
            {
              "function": "minecraft:enchant_randomly"
            }
          ]
        },
        {
          "type": "minecraft:item",
          "name": "minecraft:chainmail_boots",
          "weight": 10,
          "functions": [
            {
              "function": "minecraft:set_nbt",
              "tag": "{Unbreakable: 1b}",
              "conditions": [
                {
                  "condition": "minecraft:random_chance",
                  "chance": 0.3
                }
              ]
            }
          ]
        },
        {
          "type": "minecraft:item",
          "name": "minecraft:potion",
          "weight": 25,
          "functions": [
            {
              "function": "minecraft:set_potion",
              "id": "minecraft:long_water_breathing"
            }
          ]
        },
        {
          "type": "minecraft:item",
          "name": "minecraft:fishing_rod",
          "weight": 20,
          "functions": [
            {
              "function": "minecraft:set_nbt",
              "tag": "{Unbreakable: 1b}",
              "conditions": [
                {
                  "condition": "minecraft:random_chance",
                  "chance": 0.5
                }
              ]
            },
            {
              "function": "minecraft:set_attributes",
              "modifiers": [
                {
                  "attribute": "minecraft:generic.movement_speed",
                  "name": "",
                  "amount": {
                    "type": "minecraft:uniform",
                    "min": 0.01,
                    "max": 0.06
                  },
                  "operation": "addition",
                  "id": "e4691d16-a93b-46aa-9898-2d317500d76d",
                  "slot": "mainhand"
                },
                {
                  "attribute": "minecraft:generic.knockback_resistance",
                  "name": "",
                  "amount": {
                    "type": "minecraft:uniform",
                    "min": 0.05,
                    "max": 0.3
                  },
                  "operation": "addition",
                  "id": "31dcd72e-775e-4c89-ab7c-96c3e5bc03b2",
                  "slot": "mainhand"
                },
                {
                  "attribute": "minecraft:generic.max_health",
                  "name": "",
                  "amount": {
                    "type": "minecraft:uniform",
                    "min": 1,
                    "max": 4
                  },
                  "operation": "addition",
                  "id": "737770f9-1cad-4791-acb5-d635ff6a4a66",
                  "slot": "mainhand"
                },
                {
                  "attribute": "minecraft:generic.luck",
                  "name": "",
                  "amount": {
                    "type": "minecraft:uniform",
                    "min": 1,
                    "max": 4
                  },
                  "operation": "addition",
                  "id": "ab8a5dcc-a665-4712-a406-3cefa5aa5b00",
                  "slot": "mainhand"
                }
              ],
              "conditions": [
                {
                  "condition": "minecraft:random_chance",
                  "chance": 0.8
                }
              ]
            }
          ]
        },
        {
          "type": "minecraft:item",
          "name": "minecraft:mangrove_sign",
          "weight": 1,
          "quality": 1,
          "functions": [
            {
              "function": "minecraft:set_nbt",
              "tag": "{AttributeModifiers:[{Amount:-6.0d,AttributeName:\"minecraft:generic.max_health\",Name:\"\",Operation:0,UUID:[I;-310156211,1870023769,-1355593915,2147076308]},{Amount:-0.07d,AttributeName:\"minecraft:generic.movement_speed\",Name:\"\",Operation:0,UUID:[I;978228398,1437354076,-1236098758,-1960527666]}],Enchantments:[{id:\"minecraft:vanishing_curse\",lvl:1s}],display:{Lore:['{\"text\":\"高级的魔法符文，负面效果很强，拥有非常人能掌握的魔力\",\"color\":\"#0A28D4\"}'],Name:'{\"text\":\"魔法符文Ⅲ\",\"color\":\"#0A28D4\"}'}}"
            }
          ]
        }
      ]
    }
  ],
  "random_sequence": "minecraft:chests/underwater_ruin_big"
}
