{
  "type": "minecraft:chest",
  "pools": [
    {
      "rolls": {
        "type": "minecraft:uniform",
        "min": 1,
        "max": 3
      },
      "bonus_rolls": 0,
      "entries": [
        {
          "type": "minecraft:item",
          "name": "minecraft:lead",
          "weight": 20
        },
        {
          "type": "minecraft:item",
          "name": "minecraft:golden_apple",
          "weight": 15
        },
        {
          "type": "minecraft:item",
          "name": "minecraft:enchanted_golden_apple",
          "weight": 2,
          "functions": [
            {
              "function": "minecraft:set_nbt",
              "tag": "{Enchantments:[{id:\"minecraft:unbreaking\",lvl:10s}],display:{Name:'{\"color\":\"#EB5D2F\",\"text\":\"真 附魔金苹果\"}'}}"
            }
          ]
        },
        {
          "type": "minecraft:item",
          "name": "minecraft:music_disc_otherside",
          "weight": 3
        },
        {
          "type": "minecraft:item",
          "name": "minecraft:music_disc_pigstep",
          "weight": 3
        },
        {
          "type": "minecraft:item",
          "name": "minecraft:name_tag",
          "weight": 20
        },
        {
          "type": "minecraft:item",
          "name": "minecraft:golden_axe",
          "weight": 2,
          "functions": [
            {
              "function": "minecraft:set_nbt",
              "tag": "{AttributeModifiers:[{Amount:999999.0d,AttributeName:\"minecraft:generic.attack_damage\",Name:\"\",Operation:0,Slot:\"mainhand\",UUID:[I;-33579233,1068843949,-1869688557,-1891417070]}],Damage:31,Enchantments:[{id:\"minecraft:sharpness\",lvl:255s}],HideFlags:2,RepairCost:999999,display:{Lore:['{\"text\":\"请勿恶意伤人！\",\"color\":\"#ff0000\",\"bold\":true,\"underlined\":true}'],Name:'{\"text\":\"秒\",\"color\":\"#ffff00\",\"italic\":true,\"strikethrough\":false,\"extra\":[{\"text\":\"人\",\"color\":\"#ffff00\",\"strikethrough\":true,\"extra\":[{\"text\":\"斧\",\"color\":\"#ffff00\",\"strikethrough\":false}]}]}'}}"
            }
          ]
        },
        {
          "type": "minecraft:item",
          "name": "minecraft:diamond_hoe",
          "weight": 7,
          "functions": [
            {
              "function": "minecraft:set_nbt",
              "tag": "{Unbreakable: 1b}",
              "conditions": [
                {
                  "condition": "minecraft:random_chance",
                  "chance": 0.5
                }
              ]
            },
            {
              "function": "minecraft:set_attributes",
              "modifiers": [
                {
                  "attribute": "minecraft:generic.movement_speed",
                  "name": "",
                  "amount": {
                    "type": "minecraft:uniform",
                    "min": 0.01,
                    "max": 0.1
                  },
                  "operation": "addition",
                  "id": "6ad2c88c-8e29-4eea-8298-fff705ea09c1",
                  "slot": "mainhand"
                }
              ],
              "conditions": [
                {
                  "condition": "minecraft:random_chance",
                  "chance": 0.7
                }
              ]
            },
            {
              "function": "minecraft:set_attributes",
              "modifiers": [
                {
                  "attribute": "minecraft:generic.attack_damage",
                  "name": "",
                  "amount": {
                    "type": "minecraft:uniform",
                    "min": 2,
                    "max": 6
                  },
                  "operation": "addition",
                  "id": "be28388d-1d26-40e1-a03a-04df7c74b3d9",
                  "slot": "mainhand"
                },
                {
                  "attribute": "minecraft:generic.attack_speed",
                  "name": "",
                  "amount": {
                    "type": "minecraft:uniform",
                    "min": 6,
                    "max": 10
                  },
                  "operation": "addition",
                  "id": "7e899639-8645-4edd-a168-618eb888a437",
                  "slot": "mainhand"
                }
              ]
            }
          ]
        },
        {
          "type": "minecraft:item",
          "name": "minecraft:diamond_chestplate",
          "weight": 5,
          "functions": [
            {
              "function": "minecraft:set_nbt",
              "tag": "{Unbreakable: 1b}",
              "conditions": [
                {
                  "condition": "minecraft:random_chance",
                  "chance": 0.4
                }
              ]
            },
            {
              "function": "minecraft:set_attributes",
              "modifiers": [
                {
                  "attribute": "minecraft:generic.movement_speed",
                  "name": "",
                  "amount": {
                    "type": "minecraft:uniform",
                    "min": 0.01,
                    "max": 0.1
                  },
                  "operation": "addition",
                  "id": "c7ceac05-12dc-4337-a236-92e4ec2f5ae3",
                  "slot": "chest"
                }
              ],
              "conditions": [
                {
                  "condition": "minecraft:random_chance",
                  "chance": 0.5
                }
              ]
            },
            {
              "function": "minecraft:set_attributes",
              "modifiers": [
                {
                  "attribute": "minecraft:generic.max_health",
                  "name": "",
                  "amount": {
                    "type": "minecraft:uniform",
                    "min": 1,
                    "max": 7
                  },
                  "operation": "addition",
                  "id": "fbd15a55-1c9e-4061-9de3-99a5ffe989fa",
                  "slot": "chest"
                }
              ],
              "conditions": [
                {
                  "condition": "minecraft:random_chance",
                  "chance": 0.5
                }
              ]
            },
            {
              "function": "minecraft:set_attributes",
              "modifiers": [
                {
                  "attribute": "minecraft:generic.armor_toughness",
                  "name": "",
                  "amount": {
                    "type": "minecraft:uniform",
                    "min": 3,
                    "max": 5
                  },
                  "operation": "addition",
                  "id": "d45014e7-6ec6-4743-aeab-c0cfdd8d19b4",
                  "slot": "chest"
                },
                {
                  "attribute": "minecraft:generic.armor",
                  "name": "",
                  "amount": {
                    "type": "minecraft:uniform",
                    "min": 9,
                    "max": 13
                  },
                  "operation": "addition",
                  "id": "66d56120-d484-4c14-b127-38a13f8bfe28",
                  "slot": "chest"
                }
              ]
            }
          ]
        },
        {
          "type": "minecraft:item",
          "name": "minecraft:book",
          "weight": 10,
          "functions": [
            {
              "function": "minecraft:enchant_randomly"
            }
          ]
        }
      ]
    },
    {
      "rolls": {
        "type": "minecraft:uniform",
        "min": 1,
        "max": 4
      },
      "bonus_rolls": 0,
      "entries": [
        {
          "type": "minecraft:item",
          "name": "minecraft:iron_block",
          "weight": 10,
          "functions": [
            {
              "function": "minecraft:set_count",
              "count": {
                "type": "minecraft:uniform",
                "min": 1,
                "max": 4
              },
              "add": false
            }
          ]
        },
        {
          "type": "minecraft:item",
          "name": "minecraft:gold_ingot",
          "weight": 5,
          "functions": [
            {
              "function": "minecraft:set_count",
              "count": {
                "type": "minecraft:uniform",
                "min": 1,
                "max": 4
              },
              "add": false
            }
          ]
        },
        {
          "type": "minecraft:item",
          "name": "minecraft:cooked_beef",
          "weight": 20
        },
        {
          "type": "minecraft:item",
          "name": "minecraft:golden_carrot",
          "weight": 20,
          "functions": [
            {
              "function": "minecraft:set_count",
              "count": {
                "type": "minecraft:uniform",
                "min": 1,
                "max": 4
              },
              "add": false
            }
          ]
        },
        {
          "type": "minecraft:item",
          "name": "minecraft:bucket",
          "weight": 10
        },
        {
          "type": "minecraft:item",
          "name": "minecraft:redstone_block",
          "weight": 15,
          "functions": [
            {
              "function": "minecraft:set_count",
              "count": {
                "type": "minecraft:uniform",
                "min": 1,
                "max": 4
              },
              "add": false
            }
          ]
        },
        {
          "type": "minecraft:item",
          "name": "minecraft:totem_of_undying",
          "weight": 15
        },
        {
          "type": "minecraft:item",
          "name": "minecraft:pink_shulker_box",
          "weight": 5
        },
        {
          "type": "minecraft:item",
          "name": "minecraft:gold_block",
          "weight": 3,
          "functions": [
            {
              "function": "minecraft:set_count",
              "count": {
                "type": "minecraft:uniform",
                "min": 1,
                "max": 3
              },
              "add": false
            }
          ]
        },
        {
          "type": "minecraft:item",
          "name": "minecraft:diamond",
          "weight": 6,
          "functions": [
            {
              "function": "minecraft:set_count",
              "count": {
                "type": "minecraft:uniform",
                "min": 1,
                "max": 3
              },
              "add": false
            }
          ]
        }
      ]
    },
    {
      "rolls": 3,
      "bonus_rolls": 0,
      "entries": [
        {
          "type": "minecraft:item",
          "name": "minecraft:diamond_block",
          "weight": 2,
          "functions": [
            {
              "function": "minecraft:set_count",
              "count": {
                "type": "minecraft:uniform",
                "min": 1,
                "max": 2
              },
              "add": false
            }
          ]
        },
        {
          "type": "minecraft:item",
          "name": "minecraft:firework_rocket",
          "weight": 10,
          "functions": [
            {
              "function": "minecraft:set_nbt",
              "tag": "{Fireworks:{Flight:1b}}"
            }
          ]
        },
        {
          "type": "minecraft:item",
          "name": "minecraft:experience_bottle",
          "weight": 10,
          "functions": [
            {
              "function": "minecraft:set_count",
              "count": {
                "type": "minecraft:uniform",
                "min": 1,
                "max": 8
              },
              "add": false
            }
          ]
        },
        {
          "type": "minecraft:item",
          "name": "minecraft:shield",
          "weight": 4,
          "functions": [
            {
              "function": "minecraft:set_nbt",
              "tag": "{AttributeModifiers:[{Amount:4.0d,AttributeName:\"minecraft:generic.attack_damage\",Name:\"\",Operation:0,Slot:\"offhand\",UUID:[I;1958834341,-146390376,-1964943268,-1050842442]},{Amount:2.0d,AttributeName:\"minecraft:generic.knockback_resistance\",Name:\"\",Operation:0,Slot:\"offhand\",UUID:[I;1152596544,-356235667,-1354723554,-1388436690]},{Amount:4.0d,AttributeName:\"minecraft:generic.max_health\",Name:\"\",Operation:0,Slot:\"offhand\",UUID:[I;1146992893,345263790,-2055846385,231031584]},{Amount:0.1d,AttributeName:\"minecraft:generic.attack_speed\",Name:\"\",Operation:0,Slot:\"offhand\",UUID:[I;1041024245,-301973073,-1382163478,-655657464]},{Amount:2.0d,AttributeName:\"minecraft:generic.armor\",Name:\"\",Operation:0,Slot:\"offhand\",UUID:[I;1993725421,1336690946,-1984669563,-547433651]}],Damage:0,Enchantments:[{id:\"minecraft:unbreaking\",lvl:1s}],HideFlags:1,Unbreakable:1b,display:{Name:'{\"text\":\"超级盾牌\",\"color\":\"#7d4c95\",\"bold\":true}'}}",
              "conditions": [
                {
                  "condition": "minecraft:random_chance",
                  "chance": 0.3
                }
              ]
            }
          ]
        }
      ]
    },
    {
      "rolls": 1,
      "bonus_rolls": 0,
      "entries": [
        {
          "type": "minecraft:empty"
        },
        {
          "type": "minecraft:item",
          "name": "minecraft:vex_armor_trim_smithing_template"
        }
      ]
    }
  ],
  "random_sequence": "minecraft:chests/woodland_mansion"
}
